Município;Rede geral de esgoto ou pluvial;Fossa séptica;Fossa rudimendar;Vala;Rio, lago ou mar;Outro escoadouro;Não tem instalação sanitária;Total;;;;
350010 ADAMANTINA;31545;510;1358;30;-;6;22;33471;;;;
350020 ADOLFO;3068;279;207;2;-;-;-;3556;;;;
350030 AGUAI;28523;336;2955;113;43;26;20;32016;;;;
350040 AGUAS DA PRATA;5851;488;809;77;276;1;1;7503;;;;
350050 AGUAS DE LINDOIA;15196;707;1007;61;116;14;15;17116;;;;
350055 AGUAS DE SANTA BARBARA;3209;980;1279;-;90;12;7;5577;;;;
350060 AGUAS DE SAO PEDRO;2599;11;30;27;-;13;-;2680;;;;
350070 AGUDOS;31934;699;1162;12;378;8;44;34237;;;;
350075 ALAMBARI;2598;276;1986;-;-;-;2;4862;;;;
350080 ALFREDO MARCONDES;3175;98;568;24;-;12;-;3877;;;;
350090 ALTAIR;2591;1184;11;-;-;2;-;3788;;;;
350100 ALTINOPOLIS;13418;199;1865;8;17;6;6;15519;;;;
350110 ALTO ALEGRE;3087;306;697;8;-;3;-;4101;;;;
350115 ALUMINIO;13094;1194;1681;5;766;6;20;16766;;;;
350120 ALVARES FLORENCE;2629;590;668;4;-;5;-;3896;;;;
350130 ALVARES MACHADO;19774;1156;2420;85;4;15;10;23464;;;;
350140 ALVARO DE CARVALHO;2935;134;179;30;-;4;5;3287;;;;
350150 ALVINLANDIA;2563;116;301;6;2;4;3;2995;;;;
350160 AMERICANA;205358;1835;2177;40;14;234;96;209754;;;;
350170 AMERICO BRASILIENSE;33928;154;125;11;9;97;15;34339;;;;
350180 AMERICO DE CAMPOS;4783;152;731;17;6;7;1;5697;;;;
350190 AMPARO;53015;5116;4709;170;2420;61;19;65510;;;;
350200 ANALANDIA;3155;95;912;13;69;12;1;4257;;;;
350210 ANDRADINA;45562;3851;4660;56;7;39;33;54208;;;;
350220 ANGATUBA;15842;2890;3128;99;53;86;36;22134;;;;
350230 ANHEMBI;4172;854;436;56;8;35;-;5561;;;;
350240 ANHUMAS;3020;213;452;12;14;4;-;3715;;;;
350250 APARECIDA;33022;437;267;343;516;18;25;34628;;;;
350260 APARECIDA D'OESTE;3528;35;827;-;-;25;4;4419;;;;
350270 APIAI;12744;858;7148;694;3227;154;214;25039;;;;
350275 ARACARIGUAMA;9077;2171;4278;77;1269;22;19;16913;;;;
350280 ARACATUBA;174805;2008;3562;31;13;29;69;180517;;;;
350290 ARACOIABA DA SERRA;7826;6848;12375;21;53;23;16;27162;;;;
350300 ARAMINA;4685;129;297;-;10;12;13;5146;;;;
350310 ARANDU;4377;1007;683;3;-;-;8;6078;;;;
350315 ARAPEI;1049;407;171;374;469;4;5;2479;;;;
350320 ARARAQUARA;201163;2197;2976;23;131;37;33;206560;;;;
350330 ARARAS;113967;2199;1411;59;46;45;47;117774;;;;
350335 ARCO-IRIS;1112;194;601;-;-;1;13;1921;;;;
350340 AREALVA;5621;1430;713;11;13;22;8;7818;;;;
350350 AREIAS;2314;46;500;58;712;6;8;3644;;;;
350360 AREIOPOLIS;10209;228;56;-;38;8;14;10553;;;;
350370 ARIRANHA;8033;115;334;2;33;10;3;8530;;;;
350380 ARTUR NOGUEIRA;38597;1460;3998;12;-;24;11;44102;;;;
350390 ARUJA;41390;22699;7582;1165;1427;329;16;74608;;;;
350395 ASPASIA;1268;75;460;3;-;-;2;1808;;;;
350400 ASSIS;89368;1908;1746;42;5;12;28;93109;;;;
350410 ATIBAIA;62852;38482;19840;1283;2846;92;34;125429;;;;
350420 AURIFLAMA;12491;566;1050;17;-;14;4;14142;;;;
350430 AVAI;3155;582;1134;8;9;14;11;4913;;;;
350440 AVANHANDAVA;9502;26;578;-;-;9;10;10125;;;;
350450 AVARE;75038;2237;3464;45;21;37;32;80874;;;;
350460 BADY BASSITT;13587;93;891;2;14;-;-;14587;;;;
350470 BALBINOS;1164;76;100;14;3;-;-;1357;;;;
350480 BALSAMO;7371;100;669;-;5;4;-;8149;;;;
350490 BANANAL;7731;883;958;163;387;4;14;10140;;;;
350500 BARAO DE ANTONINA;1666;60;1329;4;5;33;11;3108;;;;
350510 BARBOSA;5507;247;685;1;1;5;6;6452;;;;
350520 BARIRI;29705;1060;635;2;18;25;12;31457;;;;
350530 BARRA BONITA;34331;449;236;11;97;18;5;35147;;;;
350535 BARRA DO CHAPEU;1139;205;3121;186;351;32;208;5242;;;;
350540 BARRA DO TURVO;2324;1114;2425;388;926;300;173;7650;;;;
350550 BARRETOS;106395;1475;3345;105;64;89;61;111534;;;;
350560 BARRINHA;27346;661;319;7;63;5;41;28442;;;;
350570 BARUERI;217424;11556;2936;2145;3172;2690;123;240046;;;;
350580 BASTOS;17524;538;2296;21;8;8;12;20407;;;;
350590 BATATAIS;53507;1143;1476;36;19;9;12;56202;;;;
350600 BAURU;329351;3893;4344;209;1281;122;139;339339;;;;
350610 BEBEDOURO;71283;831;2394;109;84;7;22;74730;;;;
350620 BENTO DE ABREU;2450;164;60;-;-;-;-;2674;;;;
350630 BERNARDINO DE CAMPOS;9586;356;722;12;14;10;2;10702;;;;
350635 BERTIOGA;13597;22866;6023;2557;419;1778;64;47304;;;;
350640 BILAC;6378;4;611;2;10;15;4;7024;;;;
350650 BIRIGUI;104532;1159;2527;26;-;17;30;108291;;;;
350660 BIRITIBA-MIRIM;17454;5669;4794;198;272;36;92;28515;;;;
350670 BOA ESPERANCA DO SUL;12359;703;436;-;99;1;9;13607;;;;
350680 BOCAINA;9932;315;373;30;93;6;12;10761;;;;
350690 BOFETE;6007;1005;2490;42;15;3;50;9612;;;;
350700 BOITUVA;39310;3524;5167;17;100;14;21;48153;;;;
350710 BOM JESUS DOS PERDOES;14644;4304;635;10;79;-;7;19679;;;;
350715 BOM SUCESSO DE ITARARE;2307;8;1024;73;16;12;121;3561;;;;
350720 BORA;627;60;118;-;-;-;-;805;;;;
350730 BORACEIA;3781;197;282;-;2;-;2;4264;;;;
350740 BORBOREMA;12590;755;1071;8;16;-;2;14442;;;;
350745 BOREBI;1997;20;241;3;2;7;10;2280;;;;
350750 BOTUCATU;116500;4933;3899;153;1009;165;58;126717;;;;
350760 BRAGANCA PAULISTA;113761;12994;17423;195;1120;73;43;145609;;;;
350770 BRAUNA;4314;174;525;-;1;-;-;5014;;;;
350775 BREJO ALEGRE;2071;14;438;7;2;6;1;2539;;;;
350780 BRODOWSKI;20028;658;353;-;2;-;5;21046;;;;
350790 BROTAS;19203;493;1759;26;8;12;3;21504;;;;
350800 BURI;13963;656;3572;73;85;49;71;18469;;;;
350810 BURITAMA;13602;444;1269;3;-;3;7;15328;;;;
350820 BURITIZAL;3299;311;405;16;5;3;3;4042;;;;
350830 CABRALIA PAULISTA;3710;33;549;26;12;20;3;4353;;;;
350840 CABREUVA;31399;5813;3950;130;152;33;19;41496;;;;
350850 CACAPAVA;67442;5976;9389;172;1217;37;115;84348;;;;
350860 CACHOEIRA PAULISTA;25444;1326;662;233;1831;350;49;29895;;;;
350870 CACONDE;11648;894;3262;649;1911;37;27;18428;;;;
350880 CAFELANDIA;14520;238;1691;1;23;4;38;16515;;;;
350890 CAIABU;2834;225;984;6;2;7;6;4064;;;;
350900 CAIEIRAS;73610;5919;3938;1867;573;354;53;86314;;;;
350910 CAIUA;1843;369;2631;-;-;35;10;4888;;;;
350920 CAJAMAR;44198;4682;6383;1948;6637;112;70;64030;;;;
350925 CAJATI;15395;4144;3070;2355;3034;152;125;28275;;;;
350930 CAJOBI;9080;514;120;18;-;11;11;9754;;;;
350940 CAJURU;20126;509;2355;150;95;6;3;23244;;;;
350945 CAMPINA DO MONTE ALEGRE;4190;969;364;-;6;1;9;5539;;;;
350950 CAMPINAS;904068;66003;56251;6803;36373;2390;296;1072184;;;;
350960 CAMPO LIMPO PAULISTA;47179;9031;15711;444;961;252;53;73631;;;;
350970 CAMPOS DO JORDAO;36374;3489;2718;155;4293;129;63;47221;;;;
350980 CAMPOS NOVOS PAULISTA;3440;97;948;10;25;1;9;4530;;;;
350990 CANANEIA;7280;1951;1460;896;302;39;219;12147;;;;
350995 CANAS;3211;521;75;458;75;34;8;4382;;;;
351000 CANDIDO MOTA;27395;598;1712;8;9;1;8;29731;;;;
351010 CANDIDO RODRIGUES;2213;54;266;53;9;72;-;2667;;;;
351015 CANITAR;3716;133;502;3;8;-;-;4362;;;;
351020 CAPAO BONITO;36595;3208;5545;59;213;93;227;45940;;;;
351030 CAPELA DO ALTO;9490;1539;6149;1;12;3;28;17222;;;;
351040 CAPIVARI;40854;1854;2785;834;1255;250;61;47893;;;;
351050 CARAGUATATUBA;54448;33325;9712;1219;722;281;93;99800;;;;
351060 CARAPICUIBA;295617;25101;6329;9065;24751;7727;146;368736;;;;
351070 CARDOSO;9311;1018;1396;5;5;10;16;11761;;;;
351080 CASA BRANCA;22717;1005;2020;140;35;27;24;25968;;;;
351090 CASSIA DOS COQUEIROS;1679;65;845;13;12;-;9;2623;;;;
351100 CASTILHO;12666;1643;3042;29;32;29;45;17486;;;;
351110 CATANDUVA;109832;1279;926;20;99;10;12;112178;;;;
351120 CATIGUA;6316;68;597;56;64;-;-;7101;;;;
351130 CEDRAL;6064;1503;371;-;-;1;-;7939;;;;
351140 CERQUEIRA CESAR;15266;515;1443;36;-;2;14;17276;;;;
351150 CERQUILHO;36955;638;1721;37;21;3;5;39380;;;;
351160 CESARIO LANGE;9684;1013;3792;12;-;3;34;14538;;;;
351170 CHARQUEADA;12243;944;1486;89;282;15;10;15069;;;;
351190 CLEMENTINA;6686;68;274;1;-;-;5;7034;;;;
351200 COLINA;15937;465;731;26;118;19;-;17296;;;;
351210 COLOMBIA;4603;347;952;5;39;18;6;5970;;;;
351220 CONCHAL;23216;1716;9;3;200;2;2;25148;;;;
351230 CONCHAS;12128;704;2836;381;52;81;2;16184;;;;
351240 CORDEIROPOLIS;18772;584;1560;41;12;3;2;20974;;;;
351250 COROADOS;4163;101;946;4;-;3;7;5224;;;;
351260 CORONEL MACEDO;3762;61;1047;75;4;21;24;4994;;;;
351270 CORUMBATAI;2100;460;1169;103;11;22;1;3866;;;;
351280 COSMOPOLIS;53325;1985;1150;179;1811;4;38;58492;;;;
351290 COSMORAMA;4966;381;1792;32;-;3;6;7180;;;;
351300 COTIA;104834;56677;18951;2984;13544;2444;100;199534;;;;
351310 CRAVINHOS;30718;227;574;24;61;11;-;31615;;;;
351320 CRISTAIS PAULISTA;5214;729;1589;4;21;5;-;7562;;;;
351330 CRUZALIA;1438;61;759;6;7;-;1;2272;;;;
351340 CRUZEIRO;72672;1165;668;805;1362;78;83;76833;;;;
351350 CUBATAO;63112;11025;519;20155;18736;4559;114;118220;;;;
351360 CUNHA;10879;510;6901;466;2635;93;258;21742;;;;
351370 DESCALVADO;27576;1033;1921;96;42;20;7;30695;;;;
351380 DIADEMA;371598;3630;2414;1741;4752;1046;165;385346;;;;
351385 DIRCE REIS;1294;27;366;-;-;1;1;1689;;;;
351390 DIVINOLANDIA;6757;835;937;493;1733;254;10;11019;;;;
351400 DOBRADA;7710;103;108;-;10;-;2;7933;;;;
351410 DOIS CORREGOS;22809;721;836;42;117;48;7;24580;;;;
351420 DOLCINOPOLIS;1938;13;142;-;-;-;-;2093;;;;
351430 DOURADO;7817;515;190;20;24;3;-;8569;;;;
351440 DRACENA;38566;980;2398;19;5;40;14;42022;;;;
351450 DUARTINA;10852;649;612;25;40;1;17;12196;;;;
351460 DUMONT;7780;96;244;10;-;-;1;8131;;;;
351470 ECHAPORA;4902;441;931;22;-;-;3;6299;;;;
351480 ELDORADO;6552;2410;2955;1433;854;167;231;14602;;;;
351490 ELIAS FAUSTO;12334;1468;1660;46;16;39;7;15570;;;;
351492 ELISIARIO;2808;312;-;-;-;-;-;3120;;;;
351495 EMBAUBA;1949;104;349;19;-;-;1;2422;;;;
351500 EMBU DAS ARTES;172736;16364;20039;6073;21785;2784;76;239857;;;;
351510 EMBU-GUACU;24658;10290;25453;1061;664;196;71;62393;;;;
351512 EMILIANOPOLIS;2462;40;467;28;-;4;5;3006;;;;
351515 ENGENHEIRO COELHO;11444;2259;1823;8;19;75;1;15629;;;;
351518 ESPIRITO SANTO DO PINHAL;36431;2139;2631;34;292;29;6;41562;;;;
351519 ESPIRITO SANTO DO TURVO;3563;7;595;-;37;14;19;4235;;;;
351520 ESTRELA D'OESTE;6643;26;1492;3;2;-;5;8171;;;;
351530 ESTRELA DO NORTE;2053;244;299;24;-;12;7;2639;;;;
351535 EUCLIDES DA CUNHA PAULISTA;5709;139;3350;139;-;80;17;9434;;;;
351540 FARTURA;12000;1804;1201;38;143;12;13;15211;;;;
351550 FERNANDOPOLIS;61664;1590;1157;12;7;11;20;64461;;;;
351560 FERNANDO PRESTES;4613;23;675;170;31;6;-;5518;;;;
351565 FERNAO;880;164;507;6;-;4;1;1562;;;;
351570 FERRAZ DE VASCONCELOS;138965;4031;4483;6025;13170;1151;164;167989;;;;
351580 FLORA RICA;1354;390;2;3;-;1;-;1750;;;;
351590 FLOREAL;2438;270;288;-;-;-;-;2996;;;;
351600 FLORIDA PAULISTA;10217;309;944;22;-;69;15;11576;;;;
351610 FLORINIA;2446;168;209;3;-;1;1;2828;;;;
351620 FRANCA;309846;2781;4688;12;54;54;79;317514;;;;
351630 FRANCISCO MORATO;75229;14452;37508;4520;21421;852;132;154114;;;;
351640 FRANCO DA ROCHA;82683;8702;14620;4006;12949;426;65;123451;;;;
351650 GABRIEL MONTEIRO;2242;13;444;-;-;6;-;2705;;;;
351660 GALIA;5128;946;756;99;2;3;11;6945;;;;
351670 GARCA;39048;1663;1814;61;68;79;19;42752;;;;
351680 GASTAO VIDIGAL;3707;260;216;-;-;-;-;4183;;;;
351685 GAVIAO PEIXOTO;3644;194;437;4;129;7;1;4416;;;;
351690 GENERAL SALGADO;9114;382;1084;9;-;-;10;10599;;;;
351700 GETULINA;7949;203;1138;65;188;33;13;9589;;;;
351710 GLICERIO;3266;107;1152;5;-;3;3;4536;;;;
351720 GUAICARA;8534;937;1142;4;11;9;7;10644;;;;
351730 GUAIMBE;4703;528;128;48;-;2;13;5422;;;;
351740 GUAIRA;35954;825;504;9;10;6;4;37312;;;;
351750 GUAPIACU;14631;1232;1797;7;114;9;1;17791;;;;
351760 GUAPIARA;6018;1450;8622;274;1166;192;164;17886;;;;
351770 GUARA;18969;136;614;12;21;6;23;19781;;;;
351780 GUARACAI;6782;179;1410;16;-;8;7;8402;;;;
351790 GUARACI;8566;739;593;3;33;-;-;9934;;;;
351800 GUARANI D'OESTE;1703;20;247;-;-;-;-;1970;;;;
351810 GUARANTA;5396;140;791;12;7;23;10;6379;;;;
351820 GUARARAPES;28151;726;1606;13;7;5;19;30527;;;;
351830 GUARAREMA;11219;7032;5270;367;1630;135;28;25681;;;;
351840 GUARATINGUETA;97956;3572;4723;790;4307;86;48;111482;;;;
351850 GUAREI;6320;654;4559;92;18;23;45;11711;;;;
351860 GUARIBA;34589;404;256;-;48;16;25;35338;;;;
351870 GUARUJA;222362;16580;12861;20890;14289;2765;286;290033;;;;
351880 GUARULHOS;1040767;32237;25845;26273;80569;7101;505;1213297;;;;
351885 GUATAPARA;5406;230;1199;4;77;12;4;6932;;;;
351890 GUZOLANDIA;3995;28;688;7;-;3;2;4723;;;;
351900 HERCULANDIA;7479;141;1025;21;1;16;9;8692;;;;
351905 HOLAMBRA;7319;1028;2835;5;46;12;7;11252;;;;
351907 HORTOLANDIA;68782;28939;83580;1662;4798;401;75;188237;;;;
351910 IACANGA;8225;919;609;6;27;6;3;9795;;;;
351920 IACRI;5139;153;1094;19;-;5;-;6410;;;;
351925 IARAS;2447;158;1861;16;3;27;2;4514;;;;
351930 IBATE;29648;582;345;15;57;4;1;30652;;;;
351940 IBIRA;9478;161;1201;3;22;-;6;10871;;;;
351950 IBIRAREMA;5877;45;777;-;-;3;1;6703;;;;
351960 IBITINGA;50299;1629;870;14;85;64;27;52988;;;;
351970 IBIUNA;13176;20948;34182;847;1268;171;292;70884;;;;
351980 ICEM;6998;405;5;28;2;5;5;7448;;;;
351990 IEPE;6219;252;1052;4;24;-;26;7577;;;;
352000 IGARACU DO TIETE;22963;139;118;6;24;6;5;23261;;;;
352010 IGARAPAVA;25699;926;994;3;46;114;25;27807;;;;
352020 IGARATA;3538;3966;1176;32;43;31;7;8793;;;;
352030 IGUAPE;18145;3732;5581;602;348;96;191;28695;;;;
352040 ILHABELA;2065;7993;17375;258;164;103;47;28005;;;;
352042 ILHA COMPRIDA;3352;5027;459;31;2;7;3;8881;;;;
352044 ILHA SOLTEIRA;21969;1578;1398;2;13;24;8;24992;;;;
352050 INDAIATUBA;187257;8184;5232;104;85;35;24;200921;;;;
352060 INDIANA;3335;125;1336;9;-;4;3;4812;;;;
352070 INDIAPORA;3064;315;458;-;14;1;-;3852;;;;
352080 INUBIA PAULISTA;3083;333;170;4;-;-;-;3590;;;;
352090 IPAUSSU;12354;804;180;2;61;6;5;13412;;;;
352100 IPERO;13836;7178;5293;6;25;49;29;26416;;;;
352110 IPEUNA;4873;181;860;30;2;18;5;5969;;;;
352115 IPIGUA;2703;787;965;2;-;-;3;4460;;;;
352120 IPORANGA;1952;1026;655;200;201;74;170;4278;;;;
352130 IPUA;13423;44;627;-;10;-;2;14106;;;;
352140 IRACEMAPOLIS;18419;1076;232;170;30;25;2;19954;;;;
352150 IRAPUA;6384;150;685;5;8;-;-;7232;;;;
352160 IRAPURU;5112;146;1120;13;3;7;2;6403;;;;
352170 ITABERA;11339;1602;3892;287;491;99;47;17757;;;;
352180 ITAI;17946;1064;3063;53;377;20;34;22557;;;;
352190 ITAJOBI;11904;954;1518;45;71;9;4;14505;;;;
352200 ITAJU;2338;890;16;-;2;-;-;3246;;;;
352210 ITANHAEM;20775;48821;8516;7624;371;497;154;86758;;;;
352215 ITAOCA;743;391;995;385;464;104;145;3227;;;;
352220 ITAPECERICA DA SERRA;51938;25518;61839;2144;4730;2687;74;148930;;;;
352230 ITAPETININGA;123874;6594;8998;243;575;99;132;140515;;;;
352240 ITAPEVA;69026;4723;11729;198;1186;125;413;87400;;;;
352250 ITAPEVI;147265;19100;12396;5539;14872;1227;169;200568;;;;
352260 ITAPIRA;61443;4107;1577;106;163;37;34;67467;;;;
352265 ITAPIRAPUA PAULISTA;1592;408;940;262;566;17;90;3875;;;;
352270 ITAPOLIS;35911;577;2955;60;217;88;4;39812;;;;
352280 ITAPORANGA;10234;1406;2558;53;58;48;62;14419;;;;
352290 ITAPUI;10278;1670;156;4;15;6;9;12138;;;;
352300 ITAPURA;1160;345;2703;15;3;31;9;4266;;;;
352310 ITAQUAQUECETUBA;226832;31399;24884;11121;25294;1440;254;321224;;;;
352320 ITARARE;40557;925;4106;154;1779;121;78;47720;;;;
352330 ITARIRI;4924;3692;5489;978;208;56;56;15403;;;;
352340 ITATIBA;83709;11092;5458;22;786;20;9;101096;;;;
352350 ITATINGA;15950;500;1431;13;36;15;15;17960;;;;
352360 ITIRAPINA;10051;941;1601;23;57;51;14;12738;;;;
352370 ITIRAPUA;4876;356;610;8;33;5;-;5888;;;;
352380 ITOBI;6501;355;497;24;68;15;4;7464;;;;
352390 ITU;138687;10063;3698;686;21;112;75;153342;;;;
352400 ITUPEVA;32898;7476;3655;36;652;13;4;44734;;;;
352410 ITUVERAVA;37393;383;765;5;29;-;8;38583;;;;
352420 JABORANDI;6096;405;-;8;20;-;-;6529;;;;
352430 JABOTICABAL;68647;1147;872;38;194;29;17;70944;;;;
352440 JACAREI;189690;10580;7455;1757;1053;92;60;210687;;;;
352450 JACI;4597;186;691;-;-;2;2;5478;;;;
352460 JACUPIRANGA;9654;4132;1225;1351;542;139;103;17146;;;;
352470 JAGUARIUNA;38677;3278;2110;2;69;2;20;44158;;;;
352480 JALES;43659;433;2749;21;-;2;14;46878;;;;
352490 JAMBEIRO;2738;703;1275;27;572;13;2;5330;;;;
352500 JANDIRA;89663;7900;909;2039;7284;394;41;108230;;;;
352510 JARDINOPOLIS;35989;968;570;1;33;4;-;37565;;;;
352520 JARINU;4219;8022;11201;73;246;15;14;23790;;;;
352530 JAU;126660;1563;1359;61;552;70;44;130309;;;;
352540 JERIQUARA;2687;456;12;-;5;-;-;3160;;;;
352550 JOANOPOLIS;7935;1565;1920;65;104;66;5;11660;;;;
352560 JOAO RAMALHO;3488;16;622;5;-;-;-;4131;;;;
352570 JOSE BONIFACIO;29001;346;3269;1;7;1;9;32634;;;;
352580 JULIO MESQUITA;4051;15;324;27;-;2;10;4429;;;;
352585 JUMIRIM;1381;393;945;57;-;10;5;2791;;;;
352590 JUNDIAI;337897;17994;9125;245;3063;191;92;368607;;;;
352600 JUNQUEIROPOLIS;15254;797;1294;21;2;18;11;17397;;;;
352610 JUQUIA;9194;2798;3327;3096;618;91;72;19196;;;;
352620 JUQUITIBA;6409;6941;13885;213;1008;52;48;28556;;;;
352630 LAGOINHA;2901;309;882;194;487;6;15;4794;;;;
352640 LARANJAL PAULISTA;20210;3173;1426;252;65;33;18;25177;;;;
352650 LAVINIA;4110;289;687;2;5;19;3;5115;;;;
352660 LAVRINHAS;4876;433;232;60;882;25;1;6509;;;;
352670 LEME;89018;814;1015;39;292;23;90;91291;;;;
352680 LENCOIS PAULISTA;59076;1030;756;74;182;23;32;61173;;;;
352690 LIMEIRA;262829;4363;7247;233;121;52;133;274978;;;;
352700 LINDOIA;5100;543;480;7;565;-;-;6695;;;;
352710 LINS;68742;641;915;9;31;151;51;70540;;;;
352720 LORENA;78117;1589;1029;272;989;63;57;82116;;;;
352725 LOURDES;1687;17;396;-;-;-;-;2100;;;;
352730 LOUVEIRA;30826;4063;950;42;1127;12;6;37026;;;;
352740 LUCELIA;17141;415;846;16;-;2;4;18424;;;;
352750 LUCIANOPOLIS;1687;174;368;1;4;12;-;2246;;;;
352760 LUIS ANTONIO;10799;222;210;-;-;11;-;11242;;;;
352770 LUIZIANIA;4603;39;352;-;-;2;5;5001;;;;
352780 LUPERCIO;3872;365;77;-;-;28;8;4350;;;;
352790 LUTECIA;2092;219;362;37;-;1;-;2711;;;;
352800 MACATUBA;15671;183;325;10;6;10;9;16214;;;;
352810 MACAUBAL;6507;384;723;-;-;4;-;7618;;;;
352820 MACEDONIA;1923;773;901;5;7;31;-;3640;;;;
352830 MAGDA;2617;73;506;-;-;4;-;3200;;;;
352840 MAIRINQUE;26410;8539;7562;156;386;38;14;43105;;;;
352850 MAIRIPORA;28374;25794;24369;448;963;425;56;80429;;;;
352860 MANDURI;7855;427;605;4;13;15;6;8925;;;;
352870 MARABA PAULISTA;1968;60;1518;2;8;20;6;3582;;;;
352880 MARACAI;11211;272;1773;-;9;5;6;13276;;;;
352885 MARAPOAMA;2186;19;412;-;-;-;1;2618;;;;
352890 MARIAPOLIS;3061;49;776;16;-;8;2;3912;;;;
352900 MARILIA;204350;2649;3841;2065;388;552;84;213929;;;;
352910 MARINOPOLIS;1672;115;320;-;3;1;-;2111;;;;
352920 MARTINOPOLIS;19570;941;2372;15;2;11;25;22936;;;;
352930 MATAO;74513;995;1005;19;43;17;21;76613;;;;
352940 MAUA;372622;3894;3487;8359;22935;3549;165;415011;;;;
352950 MENDONCA;3693;137;802;-;-;-;3;4635;;;;
352960 MERIDIANO;2560;768;472;19;-;7;8;3834;;;;
352965 MESOPOLIS;1437;76;372;-;-;-;-;1885;;;;
352970 MIGUELOPOLIS;18317;790;1140;-;92;11;11;20361;;;;
352980 MINEIROS DO TIETE;11287;231;402;15;35;5;1;11976;;;;
352990 MIRACATU;7933;4137;3743;3631;813;137;94;20488;;;;
353000 MIRA ESTRELA;2180;18;618;-;2;-;-;2818;;;;
353010 MIRANDOPOLIS;19638;1108;3371;72;44;17;28;24278;;;;
353020 MIRANTE DO PARANAPANEMA;7297;254;9186;32;9;87;66;16931;;;;
353030 MIRASSOL;51665;726;1184;2;9;14;13;53613;;;;
353040 MIRASSOLANDIA;2729;1559;3;2;-;-;1;4294;;;;
353050 MOCOCA;59052;1940;4212;145;225;86;68;65728;;;;
353060 MOGI DAS CRUZES;290145;40184;28756;13419;12089;1417;222;386232;;;;
353070 MOGI GUACU;129276;2293;4936;67;233;12;15;136832;;;;
353080 MOGI MIRIM;77824;3640;4076;10;200;19;17;85786;;;;
353090 MOMBUCA;2591;113;484;22;19;28;6;3263;;;;
353100 MONCOES;1767;8;354;-;-;-;-;2129;;;;
353110 MONGAGUA;13786;24475;4030;2221;154;107;18;44791;;;;
353120 MONTE ALEGRE DO SUL;3624;696;1890;101;818;3;2;7134;;;;
353130 MONTE ALTO;43508;813;1840;307;26;7;9;46510;;;;
353140 MONTE APRAZIVEL;18681;729;2196;-;-;16;10;21632;;;;
353150 MONTE AZUL PAULISTA;17268;155;1071;29;257;73;11;18864;;;;
353160 MONTE CASTELO;3161;32;851;-;-;10;3;4057;;;;
353170 MONTEIRO LOBATO;1597;468;1580;21;412;6;10;4094;;;;
353180 MONTE MOR;24706;8484;14183;1077;124;212;9;48795;;;;
353190 MORRO AGUDO;27370;330;1062;-;252;5;8;29027;;;;
353200 MORUNGABA;8862;1540;1174;30;125;-;-;11731;;;;
353205 MOTUCA;3086;46;1132;4;-;5;5;4278;;;;
353210 MURUTINGA DO SUL;2775;271;1068;4;-;3;12;4133;;;;
353215 NANTES;2403;185;83;12;11;-;7;2701;;;;
353220 NARANDIBA;2947;108;1201;-;-;2;25;4283;;;;
353230 NATIVIDADE DA SERRA;2910;1615;1319;332;440;40;8;6664;;;;
353240 NAZARE PAULISTA;3487;6768;5777;18;300;21;5;16376;;;;
353250 NEVES PAULISTA;7584;342;818;-;2;1;5;8752;;;;
353260 NHANDEARA;8491;527;1588;-;-;-;-;10606;;;;
353270 NIPOA;3700;259;300;-;8;-;2;4269;;;;
353280 NOVA ALIANCA;4843;527;485;13;9;-;-;5877;;;;
353282 NOVA CAMPINA;4720;47;2971;282;296;22;131;8469;;;;
353284 NOVA CANAA PAULISTA;898;4;1189;11;4;-;1;2107;;;;
353286 NOVA CASTILHO;740;19;366;-;-;-;-;1125;;;;
353290 NOVA EUROPA;8797;100;385;4;10;3;-;9299;;;;
353300 NOVA GRANADA;16766;914;1393;30;-;21;3;19127;;;;
353310 NOVA GUATAPORANGA;1862;12;284;-;-;-;8;2166;;;;
353320 NOVA INDEPENDENCIA;2216;134;673;-;-;-;-;3023;;;;
353325 NOVAIS;4160;253;164;3;3;4;-;4587;;;;
353330 NOVA LUZITANIA;3056;3;367;1;-;-;3;3430;;;;
353340 NOVA ODESSA;48809;264;1877;-;31;-;12;50993;;;;
353350 NOVO HORIZONTE;33508;1044;1888;14;7;8;10;36479;;;;
353360 NUPORANGA;6159;249;346;9;23;-;2;6788;;;;
353370 OCAUCU;3271;434;376;44;17;13;1;4156;;;;
353380 OLEO;1621;124;807;21;95;1;1;2670;;;;
353390 OLIMPIA;46651;1621;1536;11;36;5;6;49866;;;;
353400 ONDA VERDE;3043;173;639;-;7;-;2;3864;;;;
353410 ORIENTE;5493;269;241;9;18;55;2;6087;;;;
353420 ORINDIUVA;5161;61;412;-;-;-;-;5634;;;;
353430 ORLANDIA;38674;497;314;1;62;100;7;39655;;;;
353440 OSASCO;550203;43451;9081;12761;37286;11975;250;665007;;;;
353450 OSCAR BRESSANE;2072;68;342;7;-;38;4;2531;;;;
353460 OSVALDO CRUZ;27417;792;1317;55;8;16;9;29614;;;;
353470 OURINHOS;98412;597;3529;6;11;31;13;102599;;;;
353475 OUROESTE;7279;47;984;-;1;4;7;8322;;;;
353480 OURO VERDE;5096;7;2657;11;-;7;11;7789;;;;
353490 PACAEMBU;8431;547;1852;14;1;5;7;10857;;;;
353500 PALESTINA;7720;311;2962;8;13;8;3;11025;;;;
353510 PALMARES PAULISTA;10559;84;234;4;8;3;12;10904;;;;
353520 PALMEIRA D'OESTE;7066;318;2141;10;-;8;3;9546;;;;
353530 PALMITAL;19121;440;1525;7;20;-;18;21131;;;;
353540 PANORAMA;13002;423;1088;1;4;8;19;14545;;;;
353550 PARAGUACU PAULISTA;37692;566;2482;42;41;74;12;40909;;;;
353560 PARAIBUNA;7370;3511;3428;655;2227;33;47;17271;;;;
353570 PARAISO;5042;24;573;183;70;-;2;5894;;;;
353580 PARANAPANEMA;12838;1406;3290;76;67;54;11;17742;;;;
353590 PARANAPUA;3349;25;434;-;-;-;5;3813;;;;
353600 PARAPUA;8962;1212;602;10;4;4;20;10814;;;;
353610 PARDINHO;3884;843;771;42;14;-;2;5556;;;;
353620 PARIQUERA-ACU;10679;2667;4192;642;151;6;25;18362;;;;
353625 PARISI;1632;15;382;3;-;-;-;2032;;;;
353630 PATROCINIO PAULISTA;10456;960;1408;13;103;15;3;12958;;;;
353640 PAULICEIA;2003;834;3447;4;-;-;-;6288;;;;
353650 PAULINIA;73776;3179;4577;56;93;97;47;81825;;;;
353657 PAULISTANIA;1047;73;538;12;91;6;1;1768;;;;
353660 PAULO DE FARIA;7600;140;744;4;31;-;1;8520;;;;
353670 PEDERNEIRAS;38034;479;2488;87;144;72;62;41366;;;;
353680 PEDRA BELA;1127;1473;2090;192;812;32;26;5752;;;;
353690 PEDRANOPOLIS;1550;32;969;-;-;6;-;2557;;;;
353700 PEDREGULHO;11700;1123;2660;82;34;18;16;15633;;;;
353710 PEDREIRA;39122;1293;529;25;442;7;8;41426;;;;
353715 PEDRINHAS PAULISTA;2387;23;528;-;-;-;-;2938;;;;
353720 PEDRO DE TOLEDO;4581;3674;1481;341;16;43;40;10176;;;;
353730 PENAPOLIS;55099;1197;1889;-;2;9;12;58208;;;;
353740 PEREIRA BARRETO;22523;866;1183;12;3;9;45;24641;;;;
353750 PEREIRAS;5404;273;1714;21;9;6;13;7440;;;;
353760 PERUIBE;20298;27652;9505;929;739;165;108;59396;;;;
353770 PIACATU;4623;90;404;-;-;-;1;5118;;;;
353780 PIEDADE;16360;7079;23125;709;3636;182;375;51466;;;;
353790 PILAR DO SUL;18691;3048;4421;16;58;10;26;26270;;;;
353800 PINDAMONHANGABA;135378;4767;5401;274;289;103;125;146337;;;;
353810 PINDORAMA;13783;263;815;10;23;-;2;14896;;;;
353820 PINHALZINHO;5747;2913;3870;68;345;81;15;13039;;;;
353830 PIQUEROBI;2320;85;1090;2;-;10;13;3520;;;;
353850 PIQUETE;10155;660;347;249;2572;6;16;14005;;;;
353860 PIRACAIA;15370;3968;4133;175;1293;43;16;24998;;;;
353870 PIRACICABA;348313;6697;5924;942;817;131;142;362966;;;;
353880 PIRAJU;24880;608;2658;50;130;6;12;28344;;;;
353890 PIRAJUI;17313;576;1233;53;360;32;12;19579;;;;
353900 PIRANGI;9399;889;90;53;73;9;19;10532;;;;
353910 PIRAPORA DO BOM JESUS;9881;1461;2046;909;1344;21;13;15675;;;;
353920 PIRAPOZINHO;22220;785;1303;215;5;23;37;24588;;;;
353930 PIRASSUNUNGA;65058;1030;3581;17;62;20;7;69775;;;;
353940 PIRATININGA;9189;894;1713;18;5;15;9;11843;;;;
353950 PITANGUEIRAS;33553;734;682;9;159;24;39;35200;;;;
353960 PLANALTO;3728;707;19;-;-;-;6;4460;;;;
353970 PLATINA;2470;69;639;2;-;-;7;3187;;;;
353980 POA;98730;2704;1780;833;1210;415;57;105729;;;;
353990 POLONI;4689;73;630;-;-;-;-;5392;;;;
354000 POMPEIA;18159;748;736;96;3;141;8;19891;;;;
354010 PONGAI;2903;386;181;2;-;-;-;3472;;;;
354020 PONTAL;39248;548;129;14;36;41;29;40045;;;;
354025 PONTALINDA;3347;61;640;-;-;2;7;4057;;;;
354030 PONTES GESTAL;2113;395;-;-;3;-;-;2511;;;;
354040 POPULINA;3476;271;448;6;-;-;1;4202;;;;
354050 PORANGABA;4243;1129;2785;33;14;42;49;8295;;;;
354060 PORTO FELIZ;39614;5132;3589;34;63;40;31;48503;;;;
354070 PORTO FERREIRA;48608;2032;443;-;114;3;41;51241;;;;
354075 POTIM;16104;236;145;28;238;4;11;16766;;;;
354080 POTIRENDABA;13772;34;1586;2;4;10;2;15410;;;;
354085 PRACINHA;1306;12;200;-;-;-;2;1520;;;;
354090 PRADOPOLIS;16044;394;803;13;5;4;9;17272;;;;
354100 PRAIA GRANDE;185199;57269;3990;10498;2847;1171;93;261067;;;;
354105 PRATANIA;3710;103;757;8;-;5;12;4595;;;;
354110 PRESIDENTE ALVES;3371;263;435;15;18;4;-;4106;;;;
354120 PRESIDENTE BERNARDES;9442;689;3008;78;238;38;2;13495;;;;
354130 PRESIDENTE EPITACIO;34073;679;6127;33;7;72;49;41040;;;;
354140 PRESIDENTE PRUDENTE;198641;2985;3634;94;19;126;77;205576;;;;
354150 PRESIDENTE VENCESLAU;34095;825;1374;16;5;94;13;36422;;;;
354160 PROMISSAO;29557;1894;3906;-;7;55;31;35450;;;;
354165 QUADRA;720;201;2300;-;-;6;5;3232;;;;
354170 QUATA;11787;198;659;7;14;20;7;12692;;;;
354180 QUEIROZ;2433;17;341;4;3;-;3;2801;;;;
354190 QUELUZ;6104;1629;498;105;2259;34;1;10630;;;;
354200 QUINTANA;5392;90;487;19;3;12;1;6004;;;;
354210 RAFARD;7484;309;455;11;300;19;5;8583;;;;
354220 RANCHARIA;25336;1078;2178;14;36;13;39;28694;;;;
354230 REDENCAO DA SERRA;1124;492;1633;121;446;19;8;3843;;;;
354240 REGENTE FEIJO;16609;273;1502;41;-;20;12;18457;;;;
354250 REGINOPOLIS;4143;66;892;-;166;-;2;5269;;;;
354260 REGISTRO;40210;6943;2509;3721;367;250;109;54109;;;;
354270 RESTINGA;5290;422;805;15;-;4;33;6569;;;;
354280 RIBEIRA;419;739;1326;94;655;31;70;3334;;;;
354290 RIBEIRAO BONITO;11070;79;805;-;118;19;6;12097;;;;
354300 RIBEIRAO BRANCO;8318;1009;7283;574;670;143;197;18194;;;;
354310 RIBEIRAO CORRENTE;3318;39;902;-;-;7;4;4270;;;;
354320 RIBEIRAO DO SUL;2993;39;1398;9;-;4;-;4443;;;;
354323 RIBEIRAO DOS INDIOS;1801;47;325;7;-;6;-;2186;;;;
354325 RIBEIRAO GRANDE;2803;697;3606;19;194;36;53;7408;;;;
354330 RIBEIRAO PIRES;90446;6428;4643;4405;6149;584;30;112685;;;;
354340 RIBEIRAO PRETO;580876;8703;7439;438;1044;478;234;599212;;;;
354350 RIVERSUL;3986;440;1296;168;83;104;42;6119;;;;
354360 RIFAINA;2791;561;54;-;3;5;2;3416;;;;
354370 RINCAO;9008;1203;61;21;32;-;22;10347;;;;
354380 RINOPOLIS;8374;394;1030;-;94;15;12;9919;;;;
354390 RIO CLARO;180073;2391;2191;139;145;102;100;185141;;;;
354400 RIO DAS PEDRAS;27619;1504;85;130;46;18;15;29417;;;;
354410 RIO GRANDE DA SERRA;26400;7411;1804;5117;2688;303;50;43773;;;;
354420 RIOLANDIA;8229;158;854;4;57;7;7;9316;;;;
354425 ROSANA;15335;656;3416;32;2;84;55;19580;;;;
354430 ROSEIRA;8611;112;708;66;30;9;8;9544;;;;
354440 RUBIACEA;2063;60;599;-;-;3;3;2728;;;;
354450 RUBINEIA;1800;260;795;1;-;-;-;2856;;;;
354460 SABINO;4378;193;627;4;-;-;3;5205;;;;
354470 SAGRES;1848;499;9;17;4;10;1;2388;;;;
354480 SALES;4735;357;322;-;-;-;4;5418;;;;
354490 SALES OLIVEIRA;9506;392;555;1;85;-;-;10539;;;;
354500 SALESOPOLIS;8462;4443;1773;92;719;58;15;15562;;;;
354510 SALMOURAO;4172;97;486;-;-;4;30;4789;;;;
354515 SALTINHO;5810;434;752;52;-;1;4;7053;;;;
354520 SALTO;99516;3524;1753;56;192;8;53;105102;;;;
354530 SALTO DE PIRAPORA;30067;2085;6868;40;83;38;26;39207;;;;
354540 SALTO GRANDE;2594;454;5591;1;55;-;5;8700;;;;
354550 SANDOVALINA;2440;41;1161;12;-;6;3;3663;;;;
354560 SANTA ADELIA;13235;153;685;47;89;13;14;14236;;;;
354570 SANTA ALBERTINA;4740;56;867;-;-;-;3;5666;;;;
354580 SANTA BARBARA D'OESTE;175867;1206;2306;52;227;21;47;179726;;;;
354600 SANTA BRANCA;9745;883;2265;72;706;37;5;13713;;;;
354610 SANTA CLARA D'OESTE;1565;7;511;-;-;-;1;2084;;;;
354620 SANTA CRUZ DA CONCEICAO;2652;1131;137;43;17;7;-;3987;;;;
354625 SANTA CRUZ DA ESPERANCA;1290;70;591;-;-;-;1;1952;;;;
354630 SANTA CRUZ DAS PALMEIRAS;28857;295;495;-;84;-;29;29760;;;;
354640 SANTA CRUZ DO RIO PARDO;38407;745;4120;25;259;46;24;43626;;;;
354650 SANTA ERNESTINA;5116;30;340;18;41;-;9;5554;;;;
354660 SANTA FE DO SUL;27385;747;928;2;-;8;1;29071;;;;
354670 SANTA GERTRUDES;21135;241;173;16;13;-;1;21579;;;;
354680 SANTA ISABEL;27441;11734;8673;124;2081;111;42;50206;;;;
354690 SANTA LUCIA;7768;116;357;3;-;-;-;8244;;;;
354700 SANTA MARIA DA SERRA;4894;459;36;-;-;-;3;5392;;;;
354710 SANTA MERCEDES;1967;73;777;3;-;3;8;2831;;;;
354720 SANTANA DA PONTE PENSA;1122;27;487;-;-;-;-;1636;;;;
354730 SANTANA DE PARNAIBA;44279;33305;25617;683;4086;244;69;108283;;;;
354740 SANTA RITA D'OESTE;1671;25;837;2;-;-;1;2536;;;;
354750 SANTA RITA DO PASSA QUATRO;23196;1168;1423;104;149;10;1;26051;;;;
354760 SANTA ROSA DE VITERBO;22462;1127;97;4;60;-;-;23750;;;;
354765 SANTA SALETE;816;16;613;-;-;1;1;1447;;;;
354770 SANTO ANASTACIO;18678;370;1237;53;15;35;20;20408;;;;
354780 SANTO ANDRE;632280;14153;8405;3922;13483;1404;190;673837;;;;
354790 SANTO ANTONIO DA ALEGRIA;4478;684;1051;4;11;3;3;6234;;;;
354800 SANTO ANTONIO DE POSSE;11376;6114;2851;50;175;8;15;20589;;;;
354805 SANTO ANTONIO DO ARACANGUA;5755;971;871;6;15;-;1;7619;;;;
354810 SANTO ANTONIO DO JARDIM;3390;323;1765;20;404;32;3;5937;;;;
354820 SANTO ANTONIO DO PINHAL;2411;1787;892;114;1238;18;4;6464;;;;
354830 SANTO EXPEDITO;1835;318;630;3;-;13;2;2801;;;;
354840 SANTOPOLIS DO AGUAPEI;4115;62;91;-;-;-;5;4273;;;;
354850 SANTOS;392287;3705;721;6648;12152;730;179;416422;;;;
354860 SAO BENTO DO SAPUCAI;5174;1537;1583;143;1889;25;33;10384;;;;
354870 SAO BERNARDO DO CAMPO;671570;28076;23397;8358;20300;9154;308;761163;;;;
354880 SAO CAETANO DO SUL;147916;185;4;-;4;3;20;148132;;;;
354890 SAO CARLOS;212778;4514;3230;81;69;141;50;220863;;;;
354900 SAO FRANCISCO;2231;270;288;3;-;-;-;2792;;;;
354910 SAO JOAO DA BOA VISTA;77905;2493;2496;81;300;-;15;83290;;;;
354920 SAO JOAO DAS DUAS PONTES;1978;168;419;-;-;-;-;2565;;;;
354925 SAO JOAO DE IRACEMA;1426;1;353;-;-;-;-;1780;;;;
354930 SAO JOAO DO PAU D'ALHO;1672;42;383;-;-;-;1;2098;;;;
354940 SAO JOAQUIM DA BARRA;45379;361;398;12;143;9;24;46326;;;;
354950 SAO JOSE DA BELA VISTA;7338;329;641;-;9;9;17;8343;;;;
354960 SAO JOSE DO BARREIRO;2558;431;455;114;483;3;17;4061;;;;
354970 SAO JOSE DO RIO PARDO;44788;1999;3051;361;1107;240;9;51555;;;;
354980 SAO JOSE DO RIO PRETO;378980;9535;16670;62;54;42;53;405396;;;;
354990 SAO JOSE DOS CAMPOS;570651;20751;26926;3080;5424;279;265;627376;;;;
354995 SAO LOURENCO DA SERRA;5720;4784;2943;46;350;17;10;13870;;;;
355000 SAO LUIS DO PARAITINGA;5076;1683;2319;157;997;32;47;10311;;;;
355010 SAO MANUEL;36054;1286;312;62;338;52;14;38118;;;;
355020 SAO MIGUEL ARCANJO;18462;1199;11359;89;55;66;48;31278;;;;
355030 SAO PAULO;10138797;207400;159424;143937;437018;84820;3585;11174981;;;;
355040 SAO PEDRO;25583;1695;4146;28;15;20;48;31535;;;;
355050 SAO PEDRO DO TURVO;5109;148;1832;38;18;2;12;7159;;;;
355060 SAO ROQUE;41791;21877;12004;369;2413;51;37;78542;;;;
355070 SAO SEBASTIAO;37228;23151;11110;1456;318;170;152;73585;;;;
355080 SAO SEBASTIAO DA GRAMA;7985;738;1822;212;1162;141;-;12060;;;;
355090 SAO SIMAO;12813;760;591;30;74;24;21;14313;;;;
355100 SAO VICENTE;282295;17700;5821;10396;10192;3604;237;330245;;;;
355110 SARAPUI;4548;1258;3004;88;10;58;26;8992;;;;
355120 SARUTAIA;2844;451;136;-;90;14;18;3553;;;;
355130 SEBASTIANOPOLIS DO SUL;2333;398;299;-;-;-;-;3030;;;;
355140 SERRA AZUL;7444;531;766;32;18;25;11;8827;;;;
355150 SERRANA;38300;115;274;-;104;2;3;38798;;;;
355160 SERRA NEGRA;16950;1787;6216;117;1121;36;7;26234;;;;
355170 SERTAOZINHO;107511;1306;560;11;106;48;11;109553;;;;
355180 SETE BARRAS;6338;3426;1413;1315;134;103;207;12936;;;;
355190 SEVERINIA;14726;155;493;43;3;8;5;15433;;;;
355200 SILVEIRAS;3017;1109;224;112;1288;25;5;5780;;;;
355210 SOCORRO;20948;2236;8998;559;3472;259;22;36494;;;;
355220 SOROCABA;562725;7034;5606;656;4398;935;316;581670;;;;
355230 SUD MENNUCCI;6348;730;335;2;2;4;6;7427;;;;
355240 SUMARE;223687;5386;3013;438;8164;89;72;240849;;;;
355250 SUZANO;213264;21084;15018;4788;6582;502;144;261382;;;;
355255 SUZANAPOLIS;2300;53;930;74;-;-;13;3370;;;;
355260 TABAPUA;10451;691;116;5;6;-;1;11270;;;;
355270 TABATINGA;12577;221;1241;4;279;20;6;14348;;;;
355280 TABOAO DA SERRA;220777;7578;1958;4055;8302;1209;95;243974;;;;
355290 TACIBA;4744;234;665;36;7;5;5;5696;;;;
355300 TAGUAI;9470;75;1170;51;22;-;12;10800;;;;
355310 TAIACU;5313;57;401;29;35;53;1;5889;;;;
355320 TAIUVA;4898;346;136;10;47;-;-;5437;;;;
355330 TAMBAU;19427;1241;1522;72;18;33;7;22320;;;;
355340 TANABI;18867;1054;4034;15;17;-;8;23995;;;;
355350 TAPIRAI;4983;1017;1698;17;221;16;17;7969;;;;
355360 TAPIRATIBA;10572;484;1024;30;594;14;-;12718;;;;
355365 TAQUARAL;2591;6;106;-;5;2;4;2714;;;;
355370 TAQUARITINGA;50452;357;2425;74;203;208;49;53768;;;;
355380 TAQUARITUBA;19276;632;2036;142;49;18;50;22203;;;;
355385 TAQUARIVAI;2425;679;2021;-;4;-;7;5136;;;;
355390 TARABAI;5968;292;343;-;2;-;1;6606;;;;
355395 TARUMA;12007;60;741;1;61;-;-;12870;;;;
355400 TATUI;95825;5283;4732;137;800;31;31;106839;;;;
355410 TAUBATE;259031;7247;7683;788;1431;147;94;276421;;;;
355420 TEJUPA;2995;36;991;132;377;202;35;4768;;;;
355430 TEODORO SAMPAIO;16660;294;4258;23;-;28;34;21297;;;;
355440 TERRA ROXA;8031;42;400;-;7;-;2;8482;;;;
355450 TIETE;31918;1323;3141;110;73;72;28;36665;;;;
355460 TIMBURI;1783;230;518;80;7;6;-;2624;;;;
355465 TORRE DE PEDRA;1386;149;614;19;21;44;1;2234;;;;
355470 TORRINHA;7719;757;606;59;152;2;4;9299;;;;
355475 TRABIJU;1415;11;115;-;-;-;1;1542;;;;
355480 TREMEMBE;28141;4166;4166;359;324;44;43;37243;;;;
355490 TRES FRONTEIRAS;4586;20;806;-;-;-;4;5416;;;;
355495 TUIUTI;1790;447;3496;22;70;57;10;5892;;;;
355500 TUPA;58818;2115;1530;10;9;48;20;62550;;;;
355510 TUPI PAULISTA;11044;245;1727;2;-;2;3;13023;;;;
355520 TURIUBA;1572;28;325;-;-;4;-;1929;;;;
355530 TURMALINA;1405;45;499;4;-;2;4;1959;;;;
355535 UBARANA;4717;50;518;-;-;-;2;5287;;;;
355540 UBATUBA;19706;27593;28995;393;1540;140;101;78468;;;;
355550 UBIRAJARA;3050;74;1218;25;6;21;4;4398;;;;
355560 UCHOA;8709;605;90;12;9;7;-;9432;;;;
355570 UNIAO PAULISTA;1232;27;339;-;-;1;-;1599;;;;
355580 URANIA;7317;566;915;8;-;1;-;8807;;;;
355590 URU;1047;94;102;1;6;-;-;1250;;;;
355600 URUPES;11197;312;1138;-;10;-;14;12671;;;;
355610 VALENTIM GENTIL;9986;219;774;4;-;-;4;10987;;;;
355620 VALINHOS;93347;7295;5463;26;198;49;47;106425;;;;
355630 VALPARAISO;18968;132;1143;10;-;3;54;20310;;;;
355635 VARGEM;3431;386;4135;155;640;10;26;8783;;;;
355640 VARGEM GRANDE DO SUL;36588;478;1685;142;212;13;6;39124;;;;
355645 VARGEM GRANDE PAULISTA;19832;16039;4776;423;1559;119;36;42784;;;;
355650 VARZEA PAULISTA;93678;5074;3751;1574;2397;342;54;106870;;;;
355660 VERA CRUZ;8905;510;1075;86;9;82;2;10669;;;;
355670 VINHEDO;52082;8083;2893;2;70;32;13;63175;;;;
355680 VIRADOURO;16600;266;361;-;14;-;4;17245;;;;
355690 VISTA ALEGRE DO ALTO;6261;64;360;97;7;5;11;6805;;;;
355695 VITORIA BRASIL;1395;16;326;-;-;-;-;1737;;;;
355700 VOTORANTIM;102394;1970;2094;1284;634;154;53;108583;;;;
355710 VOTUPORANGA;81233;695;2489;7;14;22;28;84488;;;;
355715 ZACARIAS;1789;120;423;-;3;-;-;2335;;;;
355720 CHAVANTES;10868;110;823;6;231;9;6;12053;;;;
355730 ESTIVA GERBI;8690;170;966;31;134;-;5;9996;;;;
